series,period,date,value,affordability_pct,price_value,wage_value,price_pct_change,wage_pct_change,base_period,denominator_series,denominator_source_table,source_table,source_level,ine_category,note,observations
Educación superior,2008,2008-01-01,1.0,0.0,62.889,18244.4,34.31506556746828,0.0,2008,Salario mediano bruto anual,28191,79183,Subgrupo,10.4 Educación Superior,,12
Educación superior,2009,2009-01-01,1.0221208540854256,2.2120854085425634,66.24925,18803.28,41.49171329716799,3.0632961347043297,2008,Salario mediano bruto anual,28191,79183,Subgrupo,10.4 Educación Superior,,12
Educación superior,2010,2010-01-01,1.0435569163144978,4.355691631449776,68.40775000000001,19017.09,46.1017256845073,4.235217381771927,2008,Salario mediano bruto anual,28191,79183,Subgrupo,10.4 Educación Superior,,12
Educación superior,2011,2011-01-01,1.0627927451376409,6.279274513764088,70.718,19303.51,51.035837854000256,5.805123764004283,2008,Salario mediano bruto anual,28191,79183,Subgrupo,10.4 Educación Superior,,12
Educación superior,2012,2012-01-01,1.1823523211564644,18.23523211564644,77.6035,19040.98,65.74153175857502,4.366161671526592,2008,Salario mediano bruto anual,28191,79183,Subgrupo,10.4 Educación Superior,,12
Educación superior,2013,2013-01-01,1.399574804543571,39.957480454357096,91.80624999999999,19029.66,96.07502883260004,4.304115235359873,2008,Salario mediano bruto anual,28191,79183,Subgrupo,10.4 Educación Superior,,12
Educación superior,2014,2014-01-01,1.4234445223894632,42.34445223894632,94.52075,19263.78,101.87251719277262,5.587358312687707,2008,Salario mediano bruto anual,28191,79183,Subgrupo,10.4 Educación Superior,,12
Educación superior,2015,2015-01-01,1.4234202558243323,42.34202558243323,95.51375,19466.49,103.9933151082824,6.698438973054754,2008,Salario mediano bruto anual,28191,79183,Subgrupo,10.4 Educación Superior,,12
Educación superior,2016,2016-01-01,1.4273642177434787,42.73642177434787,95.61174999999999,19432.62,104.20261842723502,6.512792966608916,2008,Salario mediano bruto anual,28191,79183,Subgrupo,10.4 Educación Superior,,12
Educación superior,2017,2017-01-01,1.4073947030274936,40.73947030274936,96.2025,19830.12,105.4643116483704,8.691543706562,2008,Salario mediano bruto anual,28191,79183,Subgrupo,10.4 Educación Superior,,12
Educación superior,2018,2018-01-01,1.3919248651770189,39.19248651770189,96.3365,20078.44,105.75050190081585,10.052618885795074,2008,Salario mediano bruto anual,28191,79183,Subgrupo,10.4 Educación Superior,,12
Educación superior,2019,2019-01-01,1.3758510029455988,37.58510029455988,96.51675,20351.02,106.135470505318,11.54666637433952,2008,Salario mediano bruto anual,28191,79183,Subgrupo,10.4 Educación Superior,,12
Educación superior,2020,2020-01-01,1.3346061081448763,33.46061081448764,96.24149999999999,20920.12,105.5476058263209,14.665979697879884,2008,Salario mediano bruto anual,28191,79183,Subgrupo,10.4 Educación Superior,,12
Educación superior,2021,2021-01-01,1.2720102087120084,27.201020871200843,94.87825,21638.69,102.6360471573192,18.604558110981984,2008,Salario mediano bruto anual,28191,79183,Subgrupo,10.4 Educación Superior,,12
Educación superior,2022,2022-01-01,1.2357647606365374,23.57647606365374,95.34575,22383.11,103.63450941864932,22.68482383635526,2008,Salario mediano bruto anual,28191,79183,Subgrupo,10.4 Educación Superior,,12
Educación superior,2023,2023-01-01,1.189138891534464,18.913889153446405,95.7075,23349.0,104.40711631284438,27.978996294753443,2008,Salario mediano bruto anual,28191,79183,Subgrupo,10.4 Educación Superior,,12
Educación superior,2024,2024-01-01,1.160656827762743,16.065682776274294,98.00875,24497.17,109.32200674896416,34.27226984718597,2008,Salario mediano bruto anual,28191,79183,Subgrupo,10.4 Educación Superior,,12
Alimentos y bebidas,2008,2008-01-01,1.0,0.0,64.79566666666666,18244.4,27.492383722646153,0.0,2008,Salario mediano bruto anual,28191,76125,Grupo,01 Alimentos y bebidas no alcohólicas,,12
Alimentos y bebidas,2009,2009-01-01,0.9600799460370342,-3.992005396296583,64.11466666666666,18803.28,26.152443603474772,3.0632961347043297,2008,Salario mediano bruto anual,28191,76125,Grupo,01 Alimentos y bebidas no alcohólicas,,12
Alimentos y bebidas,2010,2010-01-01,0.9413496747482951,-5.865032525170488,63.57866666666666,19017.09,25.097806446535188,4.235217381771927,2008,Salario mediano bruto anual,28191,76125,Grupo,01 Alimentos y bebidas no alcohólicas,,12
Alimentos y bebidas,2011,2011-01-01,0.946416197812033,-5.3583802187966985,64.88358333333333,19303.51,27.66536913940163,5.805123764004283,2008,Salario mediano bruto anual,28191,76125,Grupo,01 Alimentos y bebidas no alcohólicas,,12
Alimentos y bebidas,2012,2012-01-01,0.9817904407489153,-1.8209559251084695,66.39333333333333,19040.98,30.635963258225395,4.366161671526592,2008,Salario mediano bruto anual,28191,76125,Grupo,01 Alimentos y bebidas no alcohólicas,,12
Alimentos y bebidas,2013,2013-01-01,1.0097488238077337,0.9748823807733675,68.24341666666668,19029.66,34.27619950219552,4.304115235359873,2008,Salario mediano bruto anual,28191,76125,Grupo,01 Alimentos y bebidas no alcohólicas,,12
Alimentos y bebidas,2014,2014-01-01,0.9940019020197455,-0.5998097980254524,68.00566666666667,19263.78,33.80840102446718,5.587358312687707,2008,Salario mediano bruto anual,28191,76125,Grupo,01 Alimentos y bebidas no alcohólicas,,12
Alimentos y bebidas,2015,2015-01-01,0.9951911446348929,-0.4808855365107112,68.8035,19466.49,35.37822318562072,6.698438973054754,2008,Salario mediano bruto anual,28191,76125,Grupo,01 Alimentos y bebidas no alcohólicas,,12
Alimentos y bebidas,2016,2016-01-01,1.010886305462496,1.0886305462495915,69.767,19432.62,37.27401217948505,6.512792966608916,2008,Salario mediano bruto anual,28191,76125,Grupo,01 Alimentos y bebidas no alcohólicas,,12
Alimentos y bebidas,2017,2017-01-01,1.0028055787376806,0.2805578737680614,70.625,19830.12,38.96221867324283,8.691543706562,2008,Salario mediano bruto anual,28191,76125,Grupo,01 Alimentos y bebidas no alcohólicas,,12
Alimentos y bebidas,2018,2018-01-01,1.0067184558922961,0.6718455892296138,71.78841666666666,20078.44,41.25136502710376,10.052618885795074,2008,Salario mediano bruto anual,28191,76125,Grupo,01 Alimentos y bebidas no alcohólicas,,12
Alimentos y bebidas,2019,2019-01-01,1.003507466005961,0.35074660059610796,72.53091666666667,20351.02,42.71231295439415,11.54666637433952,2008,Salario mediano bruto anual,28191,76125,Grupo,01 Alimentos y bebidas no alcohólicas,,12
Alimentos y bebidas,2020,2020-01-01,0.9992002631321791,-0.0799736867820866,74.23916666666666,20920.12,46.07347699048003,14.665979697879884,2008,Salario mediano bruto anual,28191,76125,Grupo,01 Alimentos y bebidas no alcohólicas,,12
Alimentos y bebidas,2021,2021-01-01,0.9838578935789284,-1.6142106421071611,75.61008333333334,21638.69,48.77090172132785,18.604558110981984,2008,Salario mediano bruto anual,28191,76125,Grupo,01 Alimentos y bebidas no alcohólicas,,12
Alimentos y bebidas,2022,2022-01-01,1.0618424790716894,6.184247907168938,84.41058333333332,22383.11,66.08682392216143,22.68482383635526,2008,Salario mediano bruto anual,28191,76125,Grupo,01 Alimentos y bebidas no alcohólicas,,12
Alimentos y bebidas,2023,2023-01-01,1.1366235854764855,13.662358547648545,94.25433333333332,23349.0,85.45545174608688,27.978996294753443,2008,Salario mediano bruto anual,28191,76125,Grupo,01 Alimentos y bebidas no alcohólicas,,12
Alimentos y bebidas,2024,2024-01-01,1.1219931292301935,12.199312923019345,97.61633333333333,24497.17,92.07054525659227,34.27226984718597,2008,Salario mediano bruto anual,28191,76125,Grupo,01 Alimentos y bebidas no alcohólicas,,12
Vivienda y suministros,2008,2008-01-01,1.0,0.0,69.47233333333334,18244.4,32.09049108430222,0.0,2008,Salario mediano bruto anual,28191,76125,Grupo,"04 Vivienda, agua, electricidad, gas y otros combustibles",El IPC espanol no incluye vivienda en propiedad imputada.,12
Vivienda y suministros,2009,2009-01-01,0.9828833546094564,-1.7116645390543583,70.37491666666666,18803.28,33.806608422300165,3.0632961347043297,2008,Salario mediano bruto anual,28191,76125,Grupo,"04 Vivienda, agua, electricidad, gas y otros combustibles",El IPC espanol no incluye vivienda en propiedad imputada.,12
Vivienda y suministros,2010,2010-01-01,1.0061685824512248,0.6168582451224758,72.86133333333333,19017.09,38.534130628361,4.235217381771927,2008,Salario mediano bruto anual,28191,76125,Grupo,"04 Vivienda, agua, electricidad, gas y otros combustibles",El IPC espanol no incluye vivienda en propiedad imputada.,12
Vivienda y suministros,2011,2011-01-01,1.0630459636892131,6.304596368921311,78.1395,19303.51,48.569717365884244,5.805123764004283,2008,Salario mediano bruto anual,28191,76125,Grupo,"04 Vivienda, agua, electricidad, gas y otros combustibles",El IPC espanol no incluye vivienda en propiedad imputada.,12
Vivienda y suministros,2012,2012-01-01,1.1323124179982906,13.231241799829064,82.099,19040.98,56.09807109108367,4.366161671526592,2008,Salario mediano bruto anual,28191,76125,Grupo,"04 Vivienda, agua, electricidad, gas y otros combustibles",El IPC espanol no incluye vivienda en propiedad imputada.,12
Vivienda y suministros,2013,2013-01-01,1.1433281169560476,14.332811695604764,82.84841666666667,19029.66,57.522966596633985,4.304115235359873,2008,Salario mediano bruto anual,28191,76125,Grupo,"04 Vivienda, agua, electricidad, gas y otros combustibles",El IPC espanol no incluye vivienda en propiedad imputada.,12
Vivienda y suministros,2014,2014-01-01,1.1444058709129843,14.440587091298429,83.94675,19263.78,59.611271140518475,5.587358312687707,2008,Salario mediano bruto anual,28191,76125,Grupo,"04 Vivienda, agua, electricidad, gas y otros combustibles",El IPC espanol no incluye vivienda en propiedad imputada.,12
Vivienda y suministros,2015,2015-01-01,1.1086240482506127,10.862404825061267,82.17775,19466.49,56.247801576210435,6.698438973054754,2008,Salario mediano bruto anual,28191,76125,Grupo,"04 Vivienda, agua, electricidad, gas y otros combustibles",El IPC espanol no incluye vivienda en propiedad imputada.,12
Vivienda y suministros,2016,2016-01-01,1.0634789114326295,6.3478911432629515,78.69416666666666,19432.62,49.62432700504169,6.512792966608916,2008,Salario mediano bruto anual,28191,76125,Grupo,"04 Vivienda, agua, electricidad, gas y otros combustibles",El IPC espanol no incluye vivienda en propiedad imputada.,12
Vivienda y suministros,2017,2017-01-01,1.0830252415822876,8.302524158228763,81.77983333333333,19830.12,55.491226902686265,8.691543706562,2008,Salario mediano bruto anual,28191,76125,Grupo,"04 Vivienda, agua, electricidad, gas y otros combustibles",El IPC espanol no incluye vivienda en propiedad imputada.,12
Vivienda y suministros,2018,2018-01-01,1.0948589101867996,9.48589101867996,83.70866666666667,20078.44,59.158593896066435,10.052618885795074,2008,Salario mediano bruto anual,28191,76125,Grupo,"04 Vivienda, agua, electricidad, gas y otros combustibles",El IPC espanol no incluye vivienda en propiedad imputada.,12
Vivienda y suministros,2019,2019-01-01,1.0644061495209503,6.440614952095025,82.48516666666667,20351.02,56.83230502555716,11.54666637433952,2008,Salario mediano bruto anual,28191,76125,Grupo,"04 Vivienda, agua, electricidad, gas y otros combustibles",El IPC espanol no incluye vivienda en propiedad imputada.,12
Vivienda y suministros,2020,2020-01-01,0.9987691826578793,-0.12308173421207158,79.56308333333334,20920.12,51.27643258008601,14.665979697879884,2008,Salario mediano bruto anual,28191,76125,Grupo,"04 Vivienda, agua, electricidad, gas y otros combustibles",El IPC espanol no incluye vivienda en propiedad imputada.,12
Vivienda y suministros,2021,2021-01-01,1.0731695750438348,7.316957504383481,88.42633333333333,21638.69,68.12847984738579,18.604558110981984,2008,Salario mediano bruto anual,28191,76125,Grupo,"04 Vivienda, agua, electricidad, gas y otros combustibles",El IPC espanol no incluye vivienda en propiedad imputada.,12
Vivienda y suministros,2022,2022-01-01,1.1983389059455054,19.83389059455054,102.13683333333334,22383.11,94.1967949753935,22.68482383635526,2008,Salario mediano bruto anual,28191,76125,Grupo,"04 Vivienda, agua, electricidad, gas y otros combustibles",El IPC espanol no incluye vivienda en propiedad imputada.,12
Vivienda y suministros,2023,2023-01-01,1.0222660204433838,2.226602044338377,90.88966666666666,23349.0,72.81211280013433,27.978996294753443,2008,Salario mediano bruto anual,28191,76125,Grupo,"04 Vivienda, agua, electricidad, gas y otros combustibles",El IPC espanol no incluye vivienda en propiedad imputada.,12
Vivienda y suministros,2024,2024-01-01,1.0096383763630483,0.9638376363048318,94.18116666666667,24497.17,79.07037174356,34.27226984718597,2008,Salario mediano bruto anual,28191,76125,Grupo,"04 Vivienda, agua, electricidad, gas y otros combustibles",El IPC espanol no incluye vivienda en propiedad imputada.,12
Educación infantil,2008,2008-01-01,1.0,0.0,76.01633333333334,18244.4,30.109628040587765,0.0,2008,Salario mediano bruto anual,28191,79184,Subclase,10.1.0.1 Educación Infantil,,12
Educación infantil,2009,2009-01-01,1.0132562649573045,1.3256264957304476,79.3835,18803.28,35.87287369240819,3.0632961347043297,2008,Salario mediano bruto anual,28191,79184,Subclase,10.1.0.1 Educación Infantil,,12
Educación infantil,2010,2010-01-01,1.0324816562659924,3.248165626599242,81.8095,19017.09,40.02521758727025,4.235217381771927,2008,Salario mediano bruto anual,28191,79184,Subclase,10.1.0.1 Educación Infantil,,12
Educación infantil,2011,2011-01-01,1.0402682369893301,4.026823698933013,83.66791666666667,19303.51,43.206085311896494,5.805123764004283,2008,Salario mediano bruto anual,28191,79184,Subclase,10.1.0.1 Educación Infantil,,12
Educación infantil,2012,2012-01-01,1.0785810564031664,7.858105640316637,85.56958333333334,19040.98,46.460979777434844,4.366161671526592,2008,Salario mediano bruto anual,28191,79184,Subclase,10.1.0.1 Educación Infantil,,12
Educación infantil,2013,2013-01-01,1.101939377618768,10.193937761876803,87.37075,19029.66,49.54385834790571,4.304115235359873,2008,Salario mediano bruto anual,28191,79184,Subclase,10.1.0.1 Educación Infantil,,12
Educación infantil,2014,2014-01-01,1.1059885721481433,10.598857214814327,88.77066666666667,19263.78,51.93995703881627,5.587358312687707,2008,Salario mediano bruto anual,28191,79184,Subclase,10.1.0.1 Educación Infantil,,12
Educación infantil,2015,2015-01-01,1.1120859259987332,11.208592599873324,90.19933333333334,19466.49,54.38526425692274,6.698438973054754,2008,Salario mediano bruto anual,28191,79184,Subclase,10.1.0.1 Educación Infantil,,12
Educación infantil,2016,2016-01-01,1.1309518846172528,13.095188461725282,91.56991666666666,19432.62,56.7311559867522,6.512792966608916,2008,Salario mediano bruto anual,28191,79184,Subclase,10.1.0.1 Educación Infantil,,12
Educación infantil,2017,2017-01-01,1.1156837212206763,11.568372122067627,92.18150000000001,19830.12,57.77794259860964,8.691543706562,2008,Salario mediano bruto anual,28191,79184,Subclase,10.1.0.1 Educación Infantil,,12
Educación infantil,2018,2018-01-01,1.1107330423870059,11.073304238700587,92.92166666666667,20078.44,59.04481256543308,10.052618885795074,2008,Salario mediano bruto anual,28191,79184,Subclase,10.1.0.1 Educación Infantil,,12
Educación infantil,2019,2019-01-01,1.1052729440420794,10.527294404207943,93.72016666666667,20351.02,60.41152592076999,11.54666637433952,2008,Salario mediano bruto anual,28191,79184,Subclase,10.1.0.1 Educación Infantil,,12
Educación infantil,2020,2020-01-01,1.0768309495454058,7.683094954540581,93.86183333333334,20920.12,60.65400272144552,14.665979697879884,2008,Salario mediano bruto anual,28191,79184,Subclase,10.1.0.1 Educación Infantil,,12
Educación infantil,2021,2021-01-01,1.0490633783169128,4.9063378316912765,94.58233333333334,21638.69,61.887211202998735,18.604558110981984,2008,Salario mediano bruto anual,28191,79184,Subclase,10.1.0.1 Educación Infantil,,12
Educación infantil,2022,2022-01-01,1.0202434249864003,2.0243424986400305,95.14841666666666,22383.11,62.85611997181564,22.68482383635526,2008,Salario mediano bruto anual,28191,79184,Subclase,10.1.0.1 Educación Infantil,,12
Educación infantil,2023,2023-01-01,0.9922399045852907,-0.7760095414709345,96.53000000000002,23349.0,65.22083931205056,27.978996294753443,2008,Salario mediano bruto anual,28191,79184,Subclase,10.1.0.1 Educación Infantil,,12
Educación infantil,2024,2024-01-01,0.9595001546899381,-4.04998453100619,97.93508333333334,24497.17,67.62578127451513,34.27226984718597,2008,Salario mediano bruto anual,28191,79184,Subclase,10.1.0.1 Educación Infantil,,12
Servicios médicos amb.,2008,2008-01-01,1.0,0.0,77.3145,18244.4,21.6491141577418,0.0,2008,Salario mediano bruto anual,28191,79183,Subgrupo,06.2 Servicios de cuidados ambulatorios,,12
Servicios médicos amb.,2009,2009-01-01,0.9929057683049666,-0.7094231695033426,79.11758333333333,18803.28,24.486143308193387,3.0632961347043297,2008,Salario mediano bruto anual,28191,79183,Subgrupo,06.2 Servicios de cuidados ambulatorios,,12
Servicios médicos amb.,2010,2010-01-01,0.994414818891331,-0.5585181108669013,80.13883333333332,19017.09,26.09301081472313,4.235217381771927,2008,Salario mediano bruto anual,28191,79183,Subgrupo,06.2 Servicios de cuidados ambulatorios,,12
Servicios médicos amb.,2011,2011-01-01,0.9900324921409571,-0.9967507859042879,80.98733333333332,19303.51,27.42806793030743,5.805123764004283,2008,Salario mediano bruto anual,28191,79183,Subgrupo,06.2 Servicios de cuidados ambulatorios,,12
Servicios médicos amb.,2012,2012-01-01,1.0101529162666456,1.0152916266645606,81.50941666666667,19040.98,28.249530592764316,4.366161671526592,2008,Salario mediano bruto anual,28191,79183,Subgrupo,06.2 Servicios de cuidados ambulatorios,,12
Servicios médicos amb.,2013,2013-01-01,1.018552669243971,1.8552669243971032,82.13833333333334,19029.66,29.239088248560318,4.304115235359873,2008,Salario mediano bruto anual,28191,79183,Subgrupo,06.2 Servicios de cuidados ambulatorios,,12
Servicios médicos amb.,2014,2014-01-01,1.0099242778929773,0.992427789297734,82.4445,19263.78,29.720820702170304,5.587358312687707,2008,Salario mediano bruto anual,28191,79183,Subgrupo,06.2 Servicios de cuidados ambulatorios,,12
Servicios médicos amb.,2015,2015-01-01,1.0050464915434563,0.5046491543456266,82.90966666666667,19466.49,30.452728855695298,6.698438973054754,2008,Salario mediano bruto anual,28191,79183,Subgrupo,06.2 Servicios de cuidados ambulatorios,,12
Servicios médicos amb.,2016,2016-01-01,1.0150981890114343,1.5098189011434338,83.59316666666668,19432.62,31.528169678914985,6.512792966608916,2008,Salario mediano bruto anual,28191,79183,Subgrupo,06.2 Servicios de cuidados ambulatorios,,12
Servicios médicos amb.,2017,2017-01-01,1.004961382722351,0.49613827223509155,84.45125,19830.12,32.878305518550775,8.691543706562,2008,Salario mediano bruto anual,28191,79183,Subgrupo,06.2 Servicios de cuidados ambulatorios,,12
Servicios médicos amb.,2018,2018-01-01,1.0049434084005262,0.4943408400526206,85.50725,20078.44,34.53984978968458,10.052618885795074,2008,Salario mediano bruto anual,28191,79183,Subgrupo,06.2 Servicios de cuidados ambulatorios,,12
Servicios médicos amb.,2019,2019-01-01,1.0046642448496192,0.4664244849619248,86.644,20351.02,36.3284487008696,11.54666637433952,2008,Salario mediano bruto anual,28191,79183,Subgrupo,06.2 Servicios de cuidados ambulatorios,,12
Servicios médicos amb.,2020,2020-01-01,0.9901262077360496,-0.9873792263950354,87.77808333333333,20920.12,38.112851793188085,14.665979697879884,2008,Salario mediano bruto anual,28191,79183,Subgrupo,06.2 Servicios de cuidados ambulatorios,,12
Servicios médicos amb.,2021,2021-01-01,0.9735698636631753,-2.6430136336824672,89.27491666666667,21638.69,40.46801737069012,18.604558110981984,2008,Salario mediano bruto anual,28191,79183,Subgrupo,06.2 Servicios de cuidados ambulatorios,,12
Servicios médicos amb.,2022,2022-01-01,0.9685725650339962,-3.1427434966003753,91.87216666666666,22383.11,44.55461382732106,22.68482383635526,2008,Salario mediano bruto anual,28191,79183,Subgrupo,06.2 Servicios de cuidados ambulatorios,,12
Servicios médicos amb.,2023,2023-01-01,0.957976496301342,-4.202350369865804,94.78825,23349.0,49.142872877177915,27.978996294753443,2008,Salario mediano bruto anual,28191,79183,Subgrupo,06.2 Servicios de cuidados ambulatorios,,12
Servicios médicos amb.,2024,2024-01-01,0.9374323630278051,-6.256763697219492,97.31666666666666,24497.17,53.12116475931734,34.27226984718597,2008,Salario mediano bruto anual,28191,79183,Subgrupo,06.2 Servicios de cuidados ambulatorios,,12
Muebles y hogar,2008,2008-01-01,1.0,0.0,83.105,18244.4,14.183321215729606,0.0,2008,Salario mediano bruto anual,28191,76125,Grupo,"05 Muebles, artículos del hogar y artículos para el mantenimiento corriente del hogar",,12
Muebles y hogar,2009,2009-01-01,0.9844192582359573,-1.5580741764042672,84.31625,18803.28,15.847535737389574,3.0632961347043297,2008,Salario mediano bruto anual,28191,76125,Grupo,"05 Muebles, artículos del hogar y artículos para el mantenimiento corriente del hogar",,12
Muebles y hogar,2010,2010-01-01,0.9790118228863876,-2.098817711361245,84.80658333333334,19017.09,16.521236339071542,4.235217381771927,2008,Salario mediano bruto anual,28191,76125,Grupo,"05 Muebles, artículos del hogar y artículos para el mantenimiento corriente del hogar",,12
Muebles y hogar,2011,2011-01-01,0.9753446206055905,-2.465537939440954,85.76141666666666,19303.51,17.833143459070165,5.805123764004283,2008,Salario mediano bruto anual,28191,76125,Grupo,"05 Muebles, artículos del hogar y artículos para el mantenimiento corriente del hogar",,12
Muebles y hogar,2012,2012-01-01,0.9974644707385987,-0.2535529261401326,86.51358333333333,19040.98,18.86659377021589,4.366161671526592,2008,Salario mediano bruto anual,28191,76125,Grupo,"05 Muebles, artículos del hogar y artículos para el mantenimiento corriente del hogar",,12
Muebles y hogar,2013,2013-01-01,1.0073350350785435,0.7335035078543495,87.31775,19029.66,19.971490236264657,4.304115235359873,2008,Salario mediano bruto anual,28191,76125,Grupo,"05 Muebles, artículos del hogar y artículos para el mantenimiento corriente del hogar",,12
Muebles y hogar,2014,2014-01-01,0.9896460669331185,-1.0353933066881482,86.83983333333333,19263.78,19.314849694006654,5.587358312687707,2008,Salario mediano bruto anual,28191,76125,Grupo,"05 Muebles, artículos del hogar y artículos para el mantenimiento corriente del hogar",,12
Muebles y hogar,2015,2015-01-01,0.9771499417110409,-2.285005828895914,86.64558333333333,19466.49,19.047957086508237,6.698438973054754,2008,Salario mediano bruto anual,28191,76125,Grupo,"05 Muebles, artículos del hogar y artículos para el mantenimiento corriente del hogar",,12
Muebles y hogar,2016,2016-01-01,0.9804007782385045,-1.9599221761495533,86.78258333333333,19432.62,19.23619022538743,6.512792966608916,2008,Salario mediano bruto anual,28191,76125,Grupo,"05 Muebles, artículos del hogar y artículos para el mantenimiento corriente del hogar",,12
Muebles y hogar,2017,2017-01-01,0.9565055199626513,-4.349448003734868,86.39933333333333,19830.12,18.70961832410678,8.691543706562,2008,Salario mediano bruto anual,28191,76125,Grupo,"05 Muebles, artículos del hogar y artículos para el mantenimiento corriente del hogar",,12
Muebles y hogar,2018,2018-01-01,0.9459606684880598,-5.403933151194018,86.51683333333334,20078.44,18.87105915489733,10.052618885795074,2008,Salario mediano bruto anual,28191,76125,Grupo,"05 Muebles, artículos del hogar y artículos para el mantenimiento corriente del hogar",,12
Muebles y hogar,2019,2019-01-01,0.9393854174230313,-6.061458257696872,87.08183333333334,20351.02,19.647349107209312,11.54666637433952,2008,Salario mediano bruto anual,28191,76125,Grupo,"05 Muebles, artículos del hogar y artículos para el mantenimiento corriente del hogar",,12
Muebles y hogar,2020,2020-01-01,0.9173209749732499,-8.267902502675007,87.41441666666667,20920.12,20.10430680627673,14.665979697879884,2008,Salario mediano bruto anual,28191,76125,Grupo,"05 Muebles, artículos del hogar y artículos para el mantenimiento corriente del hogar",,12
Muebles y hogar,2021,2021-01-01,0.8951976203179467,-10.48023796820533,88.23633333333333,21638.69,21.233591142508757,18.604558110981984,2008,Salario mediano bruto anual,28191,76125,Grupo,"05 Muebles, artículos del hogar y artículos para el mantenimiento corriente del hogar",,12
Muebles y hogar,2022,2022-01-01,0.9203255121230169,-7.967448787698306,93.83383333333335,22383.11,28.92435752846685,22.68482383635526,2008,Salario mediano bruto anual,28191,76125,Grupo,"05 Muebles, artículos del hogar y artículos para el mantenimiento corriente del hogar",,12
Muebles y hogar,2023,2023-01-01,0.9265481765491214,-7.3451823450878635,98.54483333333333,23349.0,35.397104369779655,27.978996294753443,2008,Salario mediano bruto anual,28191,76125,Grupo,"05 Muebles, artículos del hogar y artículos para el mantenimiento corriente del hogar",,12
Muebles y hogar,2024,2024-01-01,0.8897730932295437,-11.022690677045633,99.28708333333333,24497.17,36.4169295327948,34.27226984718597,2008,Salario mediano bruto anual,28191,76125,Grupo,"05 Muebles, artículos del hogar y artículos para el mantenimiento corriente del hogar",,12
Libros,2008,2008-01-01,1.0,0.0,76.23558333333334,18244.4,18.462544512787304,0.0,2008,Salario mediano bruto anual,28191,76127,Clase,09.7.1 Libros,Proxy de libros de texto; la subclase libros educativos empieza en 2007.,12
Libros,2009,2009-01-01,0.9920211557857703,-0.7978844214229674,77.944,18803.28,21.1172547750081,3.0632961347043297,2008,Salario mediano bruto anual,28191,76127,Clase,09.7.1 Libros,Proxy de libros de texto; la subclase libros educativos empieza en 2007.,12
Libros,2010,2010-01-01,0.9930336537467909,-0.6966346253209132,78.91075,19017.09,22.61948850760762,4.235217381771927,2008,Salario mediano bruto anual,28191,76127,Clase,09.7.1 Libros,Proxy de libros de texto; la subclase libros educativos empieza en 2007.,12
Libros,2011,2011-01-01,1.0078922340671699,0.7892234067169879,81.29775,19303.51,26.328650048559375,5.805123764004283,2008,Salario mediano bruto anual,28191,76127,Clase,09.7.1 Libros,Proxy de libros de texto; la subclase libros educativos empieza en 2007.,12
Libros,2012,2012-01-01,1.0229889692481984,2.2988969248198377,81.39325,19040.98,26.47704758821623,4.366161671526592,2008,Salario mediano bruto anual,28191,76127,Clase,09.7.1 Libros,Proxy de libros de texto; la subclase libros educativos empieza en 2007.,12
Libros,2013,2013-01-01,1.0319416486895585,3.194164868955851,82.05675000000001,19029.66,27.5080608611201,4.304115235359873,2008,Salario mediano bruto anual,28191,76127,Clase,09.7.1 Libros,Proxy de libros de texto; la subclase libros educativos empieza en 2007.,12
Libros,2014,2014-01-01,1.02334440934252,2.334440934251991,82.37425,19263.78,28.00142440919391,5.587358312687707,2008,Salario mediano bruto anual,28191,76127,Clase,09.7.1 Libros,Proxy de libros de texto; la subclase libros educativos empieza en 2007.,12
Libros,2015,2015-01-01,1.0237810941073635,2.378109410736351,83.27658333333333,19466.49,29.403561022984782,6.698438973054754,2008,Salario mediano bruto anual,28191,76127,Clase,09.7.1 Libros,Proxy de libros de texto; la subclase libros educativos empieza en 2007.,12
Libros,2016,2016-01-01,1.0334040961813786,3.340409618137863,83.91308333333333,19432.62,30.392618970540617,6.512792966608916,2008,Salario mediano bruto anual,28191,76127,Clase,09.7.1 Libros,Proxy de libros de texto; la subclase libros educativos empieza en 2007.,12
Libros,2017,2017-01-01,1.0281567904749265,2.8156790474926474,85.19475,19830.12,32.38420200712204,8.691543706562,2008,Salario mediano bruto anual,28191,76127,Clase,09.7.1 Libros,Proxy de libros de texto; la subclase libros educativos empieza en 2007.,12
Libros,2018,2018-01-01,1.0302594342359002,3.0259434235900162,86.438,20078.44,34.316089349303965,10.052618885795074,2008,Salario mediano bruto anual,28191,76127,Clase,09.7.1 Libros,Proxy de libros de texto; la subclase libros educativos empieza en 2007.,12
Libros,2019,2019-01-01,1.0348245031458168,3.4824503145816754,87.99966666666667,20351.02,36.742764648753635,11.54666637433952,2008,Salario mediano bruto anual,28191,76127,Clase,09.7.1 Libros,Proxy de libros de texto; la subclase libros educativos empieza en 2007.,12
Libros,2020,2020-01-01,1.0172066139715188,1.7206613971518792,88.92041666666667,20920.12,38.173518938167696,14.665979697879884,2008,Salario mediano bruto anual,28191,76127,Clase,09.7.1 Libros,Proxy de libros de texto; la subclase libros educativos empieza en 2007.,12
Libros,2021,2021-01-01,0.993837458622819,-0.6162541377180975,89.86166666666666,21638.69,39.63612819682745,18.604558110981984,2008,Salario mediano bruto anual,28191,76127,Clase,09.7.1 Libros,Proxy de libros de texto; la subclase libros educativos empieza en 2007.,12
Libros,2022,2022-01-01,0.9815994816967796,-1.8400518303220426,91.8085,22383.11,42.66131434121072,22.68482383635526,2008,Salario mediano bruto anual,28191,76127,Clase,09.7.1 Libros,Proxy de libros de texto; la subclase libros educativos empieza en 2007.,12
Libros,2023,2023-01-01,0.9749985034652348,-2.5001496534765244,95.12625000000001,23349.0,47.81676918096471,27.978996294753443,2008,Salario mediano bruto anual,28191,76127,Clase,09.7.1 Libros,Proxy de libros de texto; la subclase libros educativos empieza en 2007.,12
Libros,2024,2024-01-01,0.9563841034818011,-4.361589651819886,97.89858333333332,24497.17,52.12470055033989,34.27226984718597,2008,Salario mediano bruto anual,28191,76127,Clase,09.7.1 Libros,Proxy de libros de texto; la subclase libros educativos empieza en 2007.,12
Automóviles,2008,2008-01-01,1.0,0.0,75.25433333333334,18244.4,8.580882688899404,0.0,2008,Salario mediano bruto anual,28191,76127,Clase,07.1.1 Automóviles,Proxy de coche nuevo; automoviles nuevos solo esta disponible desde 2017.,12
Automóviles,2009,2009-01-01,0.9304737260127707,-6.952627398722933,72.16716666666666,18803.28,4.126557378626039,3.0632961347043297,2008,Salario mediano bruto anual,28191,76127,Clase,07.1.1 Automóviles,Proxy de coche nuevo; automoviles nuevos solo esta disponible desde 2017.,12
Automóviles,2010,2010-01-01,0.9090371001650744,-9.096289983492555,71.30624999999999,19017.09,2.8843818460332127,4.235217381771927,2008,Salario mediano bruto anual,28191,76127,Clase,07.1.1 Automóviles,Proxy de coche nuevo; automoviles nuevos solo esta disponible desde 2017.,12
Automóviles,2011,2011-01-01,0.9226350620295183,-7.736493797048172,73.46291666666666,19303.51,5.996133156022809,5.805123764004283,2008,Salario mediano bruto anual,28191,76127,Clase,07.1.1 Automóviles,Proxy de coche nuevo; automoviles nuevos solo esta disponible desde 2017.,12
Automóviles,2012,2012-01-01,0.9461275867578203,-5.387241324217973,74.30891666666666,19040.98,7.216786142847154,4.366161671526592,2008,Salario mediano bruto anual,28191,76127,Clase,07.1.1 Automóviles,Proxy de coche nuevo; automoviles nuevos solo esta disponible desde 2017.,12
Automóviles,2013,2013-01-01,0.9258998968379661,-7.410010316203386,72.677,19029.66,4.862171540701654,4.304115235359873,2008,Salario mediano bruto anual,28191,76127,Clase,07.1.1 Automóviles,Proxy de coche nuevo; automoviles nuevos solo esta disponible desde 2017.,12
Automóviles,2014,2014-01-01,0.9224383091260411,-7.756169087395892,73.29608333333333,19263.78,5.755417308936295,5.587358312687707,2008,Salario mediano bruto anual,28191,76127,Clase,07.1.1 Automóviles,Proxy de coche nuevo; automoviles nuevos solo esta disponible desde 2017.,12
Automóviles,2015,2015-01-01,0.9422491549317674,-5.775084506823259,75.65808333333332,19466.49,9.163434276878512,6.698438973054754,2008,Salario mediano bruto anual,28191,76127,Clase,07.1.1 Automóviles,Proxy de coche nuevo; automoviles nuevos solo esta disponible desde 2017.,12
Automóviles,2016,2016-01-01,0.978343231643648,-2.1656768356351996,78.41958333333334,19432.62,13.147870710821152,6.512792966608916,2008,Salario mediano bruto anual,28191,76127,Clase,07.1.1 Automóviles,Proxy de coche nuevo; automoviles nuevos solo esta disponible desde 2017.,12
Automóviles,2017,2017-01-01,0.9838262928426346,-1.6173707157365436,80.47216666666667,19830.12,16.10944515117483,8.691543706562,2008,Salario mediano bruto anual,28191,76127,Clase,07.1.1 Automóviles,Proxy de coche nuevo; automoviles nuevos solo esta disponible desde 2017.,12
Automóviles,2018,2018-01-01,0.9790212349626286,-2.0978765037371394,81.08191666666667,20078.44,16.989224298593463,10.052618885795074,2008,Salario mediano bruto anual,28191,76127,Clase,07.1.1 Automóviles,Proxy de coche nuevo; automoviles nuevos solo esta disponible desde 2017.,12
Automóviles,2019,2019-01-01,0.974626444484495,-2.537355551550502,81.81375,20351.02,18.04515165579317,11.54666637433952,2008,Salario mediano bruto anual,28191,76127,Clase,07.1.1 Automóviles,Proxy de coche nuevo; automoviles nuevos solo esta disponible desde 2017.,12
Automóviles,2020,2020-01-01,0.9536168729657245,-4.63831270342755,82.28866666666667,20920.12,18.7303862274945,14.665979697879884,2008,Salario mediano bruto anual,28191,76127,Clase,07.1.1 Automóviles,Proxy de coche nuevo; automoviles nuevos solo esta disponible desde 2017.,12
Automóviles,2021,2021-01-01,0.9389616051392975,-6.1038394860702505,83.80708333333332,21638.69,20.92123710150222,18.604558110981984,2008,Salario mediano bruto anual,28191,76127,Clase,07.1.1 Automóviles,Proxy de coche nuevo; automoviles nuevos solo esta disponible desde 2017.,12
Automóviles,2022,2022-01-01,0.9789614656652483,-2.103853433475167,90.38324999999999,22383.11,30.409673843253305,22.68482383635526,2008,Salario mediano bruto anual,28191,76127,Clase,07.1.1 Automóviles,Proxy de coche nuevo; automoviles nuevos solo esta disponible desde 2017.,12
Automóviles,2023,2023-01-01,1.003038905482825,0.30389054828250384,96.60241666666667,23349.0,39.38301233879131,27.978996294753443,2008,Salario mediano bruto anual,28191,76127,Clase,07.1.1 Automóviles,Proxy de coche nuevo; automoviles nuevos solo esta disponible desde 2017.,12
Automóviles,2024,2024-01-01,0.9741549138760696,-2.584508612393044,98.43416666666667,24497.17,42.02595691162288,34.27226984718597,2008,Salario mediano bruto anual,28191,76127,Clase,07.1.1 Automóviles,Proxy de coche nuevo; automoviles nuevos solo esta disponible desde 2017.,12
Hospitalarios,2008,2008-01-01,1.0,0.0,97.04658333333333,18244.4,30.48689482695257,0.0,2008,Salario mediano bruto anual,28191,79183,Subgrupo,06.3 Servicios de cuidados hospitalarios,,12
Hospitalarios,2009,2009-01-01,0.9790783180288317,-2.092168197116828,97.92683333333333,18803.28,31.670461370216675,3.0632961347043297,2008,Salario mediano bruto anual,28191,79183,Subgrupo,06.3 Servicios de cuidados hospitalarios,,12
Hospitalarios,2010,2010-01-01,0.9599667339759306,-4.0033266024069425,97.10708333333334,19017.09,30.56824191683325,4.235217381771927,2008,Salario mediano bruto anual,28191,79183,Subgrupo,06.3 Servicios de cuidados hospitalarios,,12
Hospitalarios,2011,2011-01-01,0.9467626552682684,-5.323734473173158,97.21383333333334,19303.51,30.711775831622745,5.805123764004283,2008,Salario mediano bruto anual,28191,79183,Subgrupo,06.3 Servicios de cuidados hospitalarios,,12
Hospitalarios,2012,2012-01-01,0.9442840047200324,-5.571599527996762,95.64066666666668,19040.98,28.59652739805845,4.366161671526592,2008,Salario mediano bruto anual,28191,79183,Subgrupo,06.3 Servicios de cuidados hospitalarios,,12
Hospitalarios,2013,2013-01-01,0.9282636176543068,-7.173638234569324,93.96216666666668,19029.66,26.339649871368543,4.304115235359873,2008,Salario mediano bruto anual,28191,79183,Subgrupo,06.3 Servicios de cuidados hospitalarios,,12
Hospitalarios,2014,2014-01-01,0.8971980320473097,-10.280196795269026,91.93491666666667,19263.78,23.61385007036636,5.587358312687707,2008,Salario mediano bruto anual,28191,79183,Subgrupo,06.3 Servicios de cuidados hospitalarios,,12
Hospitalarios,2015,2015-01-01,0.8786549441386996,-12.13450558613004,90.98225000000001,19466.49,22.332913525578423,6.698438973054754,2008,Salario mediano bruto anual,28191,79183,Subgrupo,06.3 Servicios de cuidados hospitalarios,,12
Hospitalarios,2016,2016-01-01,0.8617923895106764,-13.820761048932361,89.08091666666667,19432.62,19.776418755994605,6.512792966608916,2008,Salario mediano bruto anual,28191,79183,Subgrupo,06.3 Servicios de cuidados hospitalarios,,12
Hospitalarios,2017,2017-01-01,0.8462745564762489,-15.372544352375106,89.26625,19830.12,20.02561424896243,8.691543706562,2008,Salario mediano bruto anual,28191,79183,Subgrupo,06.3 Servicios de cuidados hospitalarios,,12
Hospitalarios,2018,2018-01-01,0.8440189132878025,-15.598108671219746,90.14316666666667,20078.44,21.204698858899796,10.052618885795074,2008,Salario mediano bruto anual,28191,79183,Subgrupo,06.3 Servicios de cuidados hospitalarios,,12
Hospitalarios,2019,2019-01-01,0.8271022950331177,-17.289770496688227,89.53566666666666,20351.02,20.387866510097787,11.54666637433952,2008,Salario mediano bruto anual,28191,79183,Subgrupo,06.3 Servicios de cuidados hospitalarios,,12
Hospitalarios,2020,2020-01-01,0.8185663349261182,-18.14336650738818,91.08958333333334,20920.12,22.47723177870007,14.665979697879884,2008,Salario mediano bruto anual,28191,79183,Subgrupo,06.3 Servicios de cuidados hospitalarios,,12
Hospitalarios,2021,2021-01-01,0.7994207695508591,-20.057923044914094,92.01466666666666,21638.69,23.721080325209076,18.604558110981984,2008,Salario mediano bruto anual,28191,79183,Subgrupo,06.3 Servicios de cuidados hospitalarios,,12
Hospitalarios,2022,2022-01-01,0.7821613611990151,-21.783863880098487,93.12525,22383.11,25.214348461352287,22.68482383635526,2008,Salario mediano bruto anual,28191,79183,Subgrupo,06.3 Servicios de cuidados hospitalarios,,12
Hospitalarios,2023,2023-01-01,0.7659460246936045,-23.405397530639547,95.12991666666666,23349.0,27.90978316406565,27.978996294753443,2008,Salario mediano bruto anual,28191,79183,Subgrupo,06.3 Servicios de cuidados hospitalarios,,12
Hospitalarios,2024,2024-01-01,0.750099859154305,-24.990014084569502,97.743,24497.17,31.423282747245864,34.27226984718597,2008,Salario mediano bruto anual,28191,79183,Subgrupo,06.3 Servicios de cuidados hospitalarios,,12
Vestido y calzado,2008,2008-01-01,1.0,0.0,90.42991666666667,18244.4,10.3710160375593,0.0,2008,Salario mediano bruto anual,28191,76125,Grupo,03 Vestido y calzado,,12
Vestido y calzado,2009,2009-01-01,0.9541911617728671,-4.580883822713289,88.93066666666668,18803.28,8.541159814156373,3.0632961347043297,2008,Salario mediano bruto anual,28191,76125,Grupo,03 Vestido y calzado,,12
Vestido y calzado,2010,2010-01-01,0.940512968627638,-5.948703137236199,88.65258333333333,19017.09,8.201755099716014,4.235217381771927,2008,Salario mediano bruto anual,28191,76125,Grupo,03 Vestido y calzado,,12
Vestido y calzado,2011,2011-01-01,0.9290897949767071,-7.091020502329293,88.89483333333334,19303.51,8.497424714603063,5.805123764004283,2008,Salario mediano bruto anual,28191,76125,Grupo,03 Vestido y calzado,,12
Vestido y calzado,2012,2012-01-01,0.9444276906566926,-5.557230934330737,89.13341666666668,19040.98,8.788619110000905,4.366161671526592,2008,Salario mediano bruto anual,28191,76125,Grupo,03 Vestido y calzado,,12
Vestido y calzado,2013,2013-01-01,0.9453817664881989,-5.461823351180106,89.17041666666667,19029.66,8.833778143028015,4.304115235359873,2008,Salario mediano bruto anual,28191,76125,Grupo,03 Vestido y calzado,,12
Vestido y calzado,2014,2014-01-01,0.9349290230865535,-6.507097691344654,89.26941666666666,19263.78,8.954609069235708,5.587358312687707,2008,Salario mediano bruto anual,28191,76125,Grupo,03 Vestido y calzado,,12
Vestido y calzado,2015,2015-01-01,0.9282179232938131,-7.178207670618686,89.56125000000002,19466.49,9.310795856760446,6.698438973054754,2008,Salario mediano bruto anual,28191,76125,Grupo,03 Vestido y calzado,,12
Vestido y calzado,2016,2016-01-01,0.9357284756469854,-6.427152435301464,90.12883333333333,19432.62,10.003539491777813,6.512792966608916,2008,Salario mediano bruto anual,28191,76125,Grupo,03 Vestido y calzado,,12
Vestido y calzado,2017,2017-01-01,0.921402331742676,-7.859766825732395,90.56433333333332,19830.12,10.53507351565106,8.691543706562,2008,Salario mediano bruto anual,28191,76125,Grupo,03 Vestido y calzado,,12
Vestido y calzado,2018,2018-01-01,0.9178076318352552,-8.219236816474485,91.34066666666666,20078.44,11.482599532949834,10.052618885795074,2008,Salario mediano bruto anual,28191,76125,Grupo,03 Vestido y calzado,,12
Vestido y calzado,2019,2019-01-01,0.9139832773507756,-8.601672264922444,92.19491666666666,20351.02,12.525223964393529,11.54666637433952,2008,Salario mediano bruto anual,28191,76125,Grupo,03 Vestido y calzado,,12
Vestido y calzado,2020,2020-01-01,0.8979021445252717,-10.209785547472826,93.10558333333334,20920.12,13.636705750250222,14.665979697879884,2008,Salario mediano bruto anual,28191,76125,Grupo,03 Vestido y calzado,,12
Vestido y calzado,2021,2021-01-01,0.8769268650210229,-12.30731349789771,94.05391666666667,21638.69,14.794160245404765,18.604558110981984,2008,Salario mediano bruto anual,28191,76125,Grupo,03 Vestido y calzado,,12
Vestido y calzado,2022,2022-01-01,0.8704145458929914,-12.95854541070086,96.56708333333334,22383.11,17.861516367098208,22.68482383635526,2008,Salario mediano bruto anual,28191,76125,Grupo,03 Vestido y calzado,,12
Vestido y calzado,2023,2023-01-01,0.8530053401492341,-14.699465985076587,98.71941666666667,23349.0,20.48847020724336,27.978996294753443,2008,Salario mediano bruto anual,28191,76125,Grupo,03 Vestido y calzado,,12
Vestido y calzado,2024,2024-01-01,0.82019529017055,-17.980470982944997,99.58999999999999,24497.17,21.551029707320634,34.27226984718597,2008,Salario mediano bruto anual,28191,76125,Grupo,03 Vestido y calzado,,12
Servicios móviles,2017,2017-01-01,1.0,0.0,115.14108333333333,19830.12,0.0,0.0,2017,Salario mediano bruto anual,28191,79184,Subclase,08.3.2.0 Servicios de comunicación móvil,Disponible desde 2017; porcentaje acumulado desde esa media anual.,12
Servicios móviles,2018,2018-01-01,1.000506031792694,0.05060317926939284,116.64191666666666,20078.44,1.3034733475526084,1.2522364968038602,2017,Salario mediano bruto anual,28191,79184,Subclase,08.3.2.0 Servicios de comunicación móvil,Disponible desde 2017; porcentaje acumulado desde esa media anual.,12
Servicios móviles,2019,2019-01-01,0.9898987263985338,-1.0101273601466176,116.972,20351.02,1.5901506340409988,2.6268121423370205,2017,Salario mediano bruto anual,28191,79184,Subclase,08.3.2.0 Servicios de comunicación móvil,Disponible desde 2017; porcentaje acumulado desde esa media anual.,12
Servicios móviles,2020,2020-01-01,0.9193481683063387,-8.06518316936613,111.67325,20920.12,-3.0118123201029467,5.496688875306854,2017,Salario mediano bruto anual,28191,79184,Subclase,08.3.2.0 Servicios de comunicación móvil,Disponible desde 2017; porcentaje acumulado desde esa media anual.,12
Servicios móviles,2021,2021-01-01,0.8508379436332925,-14.916205636670753,106.90125,21638.69,-7.156293040494511,9.120317980930025,2017,Salario mediano bruto anual,28191,79184,Subclase,08.3.2.0 Servicios de comunicación móvil,Disponible desde 2017; porcentaje acumulado desde esa media anual.,12
Servicios móviles,2022,2022-01-01,0.7919400615380606,-20.80599384619394,102.92424999999999,22383.11,-10.610316474064795,12.874304341073085,2017,Salario mediano bruto anual,28191,79184,Subclase,08.3.2.0 Servicios de comunicación móvil,Disponible desde 2017; porcentaje acumulado desde esa media anual.,12
Servicios móviles,2023,2023-01-01,0.7542909631065108,-24.57090368934892,102.2615,23349.0,-11.18591467134884,17.745127109669532,2017,Salario mediano bruto anual,28191,79184,Subclase,08.3.2.0 Servicios de comunicación móvil,Disponible desde 2017; porcentaje acumulado desde esa media anual.,12
Servicios móviles,2024,2024-01-01,0.7249733117877477,-27.502668821225228,103.12,24497.17,-10.440307651555003,23.53515762889988,2017,Salario mediano bruto anual,28191,79184,Subclase,08.3.2.0 Servicios de comunicación móvil,Disponible desde 2017; porcentaje acumulado desde esa media anual.,12
Juguetes,2008,2008-01-01,1.0,0.0,153.69458333333333,18244.4,-4.722901972817906,0.0,2008,Salario mediano bruto anual,28191,76127,Clase,"09.2.1 Juegos, juguetes y artículos relacionados con las aficiones ",,12
Juguetes,2009,2009-01-01,0.9523674782011573,-4.76325217988427,150.85758333333334,18803.28,-6.4815919750340845,3.0632961347043297,2008,Salario mediano bruto anual,28191,76127,Clase,"09.2.1 Juegos, juguetes y artículos relacionados con las aficiones ",,12
Juguetes,2010,2010-01-01,0.917989089119408,-8.201091088059197,147.06541666666666,19017.09,-8.832401140844503,4.235217381771927,2008,Salario mediano bruto anual,28191,76127,Clase,"09.2.1 Juegos, juguetes y artículos relacionados con las aficiones ",,12
Juguetes,2011,2011-01-01,0.8774393689308569,-12.256063106914306,142.68633333333332,19303.51,-11.54704692061358,5.805123764004283,2008,Salario mediano bruto anual,28191,76127,Clase,"09.2.1 Juegos, juguetes y artículos relacionados con las aficiones ",,12
Juguetes,2012,2012-01-01,0.8667459304677262,-13.32540695322738,139.0305,19040.98,-13.813341433515236,4.366161671526592,2008,Salario mediano bruto anual,28191,76127,Clase,"09.2.1 Juegos, juguetes y artículos relacionados con las aficiones ",,12
Juguetes,2013,2013-01-01,0.8423898859053731,-15.76101140946269,135.04333333333332,19029.66,-16.285033415833283,4.304115235359873,2008,Salario mediano bruto anual,28191,76127,Clase,"09.2.1 Juegos, juguetes y artículos relacionados con las aficiones ",,12
Juguetes,2014,2014-01-01,0.8025897894222687,-19.741021057773132,130.24591666666666,19263.78,-19.25900899853753,5.587358312687707,2008,Salario mediano bruto anual,28191,76127,Clase,"09.2.1 Juegos, juguetes y artículos relacionados con las aficiones ",,12
Juguetes,2015,2015-01-01,0.7768205372810429,-22.317946271895707,127.39058333333332,19466.49,-21.029064051878365,6.698438973054754,2008,Salario mediano bruto anual,28191,76127,Clase,"09.2.1 Juegos, juguetes y artículos relacionados con las aficiones ",,12
Juguetes,2016,2016-01-01,0.7536333070306148,-24.636669296938518,123.37308333333334,19432.62,-23.519560027875375,6.512792966608916,2008,Salario mediano bruto anual,28191,76127,Clase,"09.2.1 Juegos, juguetes y artículos relacionados con las aficiones ",,12
Juguetes,2017,2017-01-01,0.7049962543091552,-29.500374569084475,117.77175,19830.12,-26.991893102395505,8.691543706562,2008,Salario mediano bruto anual,28191,76127,Clase,"09.2.1 Juegos, juguetes y artículos relacionados con las aficiones ",,12
Juguetes,2018,2018-01-01,0.6837637851565512,-31.623621484344877,115.65516666666667,20078.44,-28.303988254736257,10.052618885795074,2008,Salario mediano bruto anual,28191,76127,Clase,"09.2.1 Juegos, juguetes y artículos relacionados con las aficiones ",,12
Juguetes,2019,2019-01-01,0.6583944065429616,-34.160559345703845,112.87591666666667,20351.02,-30.0268783459098,11.54666637433952,2008,Salario mediano bruto anual,28191,76127,Clase,"09.2.1 Juegos, juguetes y artículos relacionados con las aficiones ",,12
Juguetes,2020,2020-01-01,0.6058804502496375,-39.411954975036245,106.77758333333333,20920.12,-33.80730762455452,14.665979697879884,2008,Salario mediano bruto anual,28191,76127,Clase,"09.2.1 Juegos, juguetes y artículos relacionados con las aficiones ",,12
Juguetes,2021,2021-01-01,0.5790555651363168,-42.09444348636831,105.55533333333334,21638.69,-34.56499491930556,18.604558110981984,2008,Salario mediano bruto anual,28191,76127,Clase,"09.2.1 Juegos, juguetes y artículos relacionados con las aficiones ",,12
Juguetes,2022,2022-01-01,0.5560031621200389,-44.39968378799611,104.83991666666667,22383.11,-35.008490209783346,22.68482383635526,2008,Salario mediano bruto anual,28191,76127,Clase,"09.2.1 Juegos, juguetes y artículos relacionados con las aficiones ",,12
Juguetes,2023,2023-01-01,0.524845893859323,-47.5154106140677,103.2355,23349.0,-36.00308716116004,27.978996294753443,2008,Salario mediano bruto anual,28191,76127,Clase,"09.2.1 Juegos, juguetes y artículos relacionados con las aficiones ",,12
Juguetes,2024,2024-01-01,0.49255693455536664,-50.744306544463335,101.64858333333332,24497.17,-36.986835654645034,34.27226984718597,2008,Salario mediano bruto anual,28191,76127,Clase,"09.2.1 Juegos, juguetes y artículos relacionados con las aficiones ",,12
Equipos audiovisuales,2008,2008-01-01,1.0,0.0,289.9146666666667,18244.4,-44.25805095384442,0.0,2008,Salario mediano bruto anual,28191,79184,Subclase,"08.1.4.0 Equipo para la recepción, grabación y reproducción de sonido e imagen",Proxy de TVs.,12
Equipos audiovisuales,2009,2009-01-01,0.8372969919374018,-16.27030080625982,250.18066666666667,18803.28,-51.897714820683206,3.0632961347043297,2008,Salario mediano bruto anual,28191,79184,Subclase,"08.1.4.0 Equipo para la recepción, grabación y reproducción de sonido e imagen",Proxy de TVs.,12
Equipos audiovisuales,2010,2010-01-01,0.7569145484340307,-24.308545156596928,228.73441666666668,19017.09,-56.02118945712029,4.235217381771927,2008,Salario mediano bruto anual,28191,79184,Subclase,"08.1.4.0 Equipo para la recepción, grabación y reproducción de sonido e imagen",Proxy de TVs.,12
Equipos audiovisuales,2011,2011-01-01,0.6640582056718519,-33.594179432814805,203.69625,19303.51,-60.83528260594048,5.805123764004283,2008,Salario mediano bruto anual,28191,79184,Subclase,"08.1.4.0 Equipo para la recepción, grabación y reproducción de sonido e imagen",Proxy de TVs.,12
Equipos audiovisuales,2012,2012-01-01,0.5992901901290782,-40.07098098709218,181.3289166666667,19040.98,-65.13585411306802,4.366161671526592,2008,Salario mediano bruto anual,28191,79184,Subclase,"08.1.4.0 Equipo para la recepción, grabación y reproducción de sonido e imagen",Proxy de TVs.,12
Equipos audiovisuales,2013,2013-01-01,0.5440190056220824,-45.59809943779176,164.5075,19029.66,-68.37011114979659,4.304115235359873,2008,Salario mediano bruto anual,28191,79184,Subclase,"08.1.4.0 Equipo para la recepción, grabación y reproducción de sonido e imagen",Proxy de TVs.,12
Equipos audiovisuales,2014,2014-01-01,0.4947578148153434,-50.52421851846566,151.45191666666668,19263.78,-70.88031068299661,5.587358312687707,2008,Salario mediano bruto anual,28191,79184,Subclase,"08.1.4.0 Equipo para la recepción, grabación y reproducción de sonido e imagen",Proxy de TVs.,12
Equipos audiovisuales,2015,2015-01-01,0.46010074890303193,-53.9899251096968,142.325,19466.49,-72.63514471616674,6.698438973054754,2008,Salario mediano bruto anual,28191,79184,Subclase,"08.1.4.0 Equipo para la recepción, grabación y reproducción de sonido e imagen",Proxy de TVs.,12
Equipos audiovisuales,2016,2016-01-01,0.4378866909511736,-56.21133090488264,135.21775,19432.62,-74.00165704861728,6.512792966608916,2008,Salario mediano bruto anual,28191,79184,Subclase,"08.1.4.0 Equipo para la recepción, grabación y reproducción de sonido e imagen",Proxy de TVs.,12
Equipos audiovisuales,2017,2017-01-01,0.41167463483083194,-58.832536516916804,129.72391666666667,19830.12,-75.05795744644033,8.691543706562,2008,Salario mediano bruto anual,28191,79184,Subclase,"08.1.4.0 Equipo para la recepción, grabación y reproducción de sonido e imagen",Proxy de TVs.,12
Equipos audiovisuales,2018,2018-01-01,0.3953846840999998,-60.46153159000003,126.15091666666666,20078.44,-75.74493884766385,10.052618885795074,2008,Salario mediano bruto anual,28191,79184,Subclase,"08.1.4.0 Equipo para la recepción, grabación y reproducción de sonido e imagen",Proxy de TVs.,12
Equipos audiovisuales,2019,2019-01-01,0.37645318358324376,-62.354681641675626,121.74125,20351.02,-76.59278631074676,11.54666637433952,2008,Salario mediano bruto anual,28191,79184,Subclase,"08.1.4.0 Equipo para la recepción, grabación y reproducción de sonido e imagen",Proxy de TVs.,12
Equipos audiovisuales,2020,2020-01-01,0.3531398085184811,-64.68601914815189,117.39550000000001,20920.12,-77.42834450396452,14.665979697879884,2008,Salario mediano bruto anual,28191,79184,Subclase,"08.1.4.0 Equipo para la recepción, grabación y reproducción de sonido e imagen",Proxy de TVs.,12
Equipos audiovisuales,2021,2021-01-01,0.34066472445175194,-65.9335275548248,117.13825000000001,21638.69,-77.47780601123146,18.604558110981984,2008,Salario mediano bruto anual,28191,79184,Subclase,"08.1.4.0 Equipo para la recepción, grabación y reproducción de sonido e imagen",Proxy de TVs.,12
Equipos audiovisuales,2022,2022-01-01,0.3161802919497722,-68.38197080502277,112.45941666666666,22383.11,-78.37740620138669,22.68482383635526,2008,Salario mediano bruto anual,28191,79184,Subclase,"08.1.4.0 Equipo para la recepción, grabación y reproducción de sonido e imagen",Proxy de TVs.,12
Equipos audiovisuales,2023,2023-01-01,0.289980238748082,-71.0019761251918,107.59133333333334,23349.0,-79.31339352565374,27.978996294753443,2008,Salario mediano bruto anual,28191,79184,Subclase,"08.1.4.0 Equipo para la recepción, grabación y reproducción de sonido e imagen",Proxy de TVs.,12
Equipos audiovisuales,2024,2024-01-01,0.27156786941978933,-72.84321305802106,105.71458333333334,24497.17,-79.67423661122503,34.27226984718597,2008,Salario mediano bruto anual,28191,79184,Subclase,"08.1.4.0 Equipo para la recepción, grabación y reproducción de sonido e imagen",Proxy de TVs.,12
Equipos informáticos,2008,2008-01-01,1.0,0.0,375.12850000000003,18244.4,-74.28935268716165,0.0,2008,Salario mediano bruto anual,28191,76127,Clase,08.1.3 Equipos de procesamiento de información,Proxy de software/equipo informatico.,12
Equipos informáticos,2009,2009-01-01,0.8416707731793494,-15.832922682065064,325.40658333333334,18803.28,-77.69720536467084,3.0632961347043297,2008,Salario mediano bruto anual,28191,76127,Clase,08.1.3 Equipos de procesamiento de información,Proxy de software/equipo informatico.,12
Equipos informáticos,2010,2010-01-01,0.7811447038606008,-21.885529613939923,305.44008333333335,19017.09,-79.06567414156139,4.235217381771927,2008,Salario mediano bruto anual,28191,76127,Clase,08.1.3 Equipos de procesamiento de información,Proxy de software/equipo informatico.,12
Equipos informáticos,2011,2011-01-01,0.6806743387817707,-31.932566121822926,270.16316666666665,19303.51,-81.48349193653314,5.805123764004283,2008,Salario mediano bruto anual,28191,76127,Clase,08.1.3 Equipos de procesamiento de información,Proxy de software/equipo informatico.,12
Equipos informáticos,2012,2012-01-01,0.6206267034565659,-37.93732965434341,242.97983333333332,19040.98,-83.34658977133016,4.366161671526592,2008,Salario mediano bruto anual,28191,76127,Clase,08.1.3 Equipos de procesamiento de información,Proxy de software/equipo informatico.,12
Equipos informáticos,2013,2013-01-01,0.5712464979141245,-42.87535020858755,223.51416666666668,19029.66,-84.68073231282179,4.304115235359873,2008,Salario mediano bruto anual,28191,76127,Clase,08.1.3 Equipos de procesamiento de información,Proxy de software/equipo informatico.,12
Equipos informáticos,2014,2014-01-01,0.5033987287926429,-49.66012712073571,199.39033333333336,19263.78,-86.33413740112358,5.587358312687707,2008,Salario mediano bruto anual,28191,76127,Clase,08.1.3 Equipos de procesamiento de información,Proxy de software/equipo informatico.,12
Equipos informáticos,2015,2015-01-01,0.4494283308823198,-55.05716691176802,179.88649999999998,19466.49,-87.67089581879037,6.698438973054754,2008,Salario mediano bruto anual,28191,76127,Clase,08.1.3 Equipos de procesamiento de información,Proxy de software/equipo informatico.,12
Equipos informáticos,2016,2016-01-01,0.4084363157039837,-59.156368429601635,163.19475,19432.62,-88.81491899294022,6.512792966608916,2008,Salario mediano bruto anual,28191,76127,Clase,08.1.3 Equipos de procesamiento de información,Proxy de software/equipo informatico.,12
Equipos informáticos,2017,2017-01-01,0.37656386898150496,-62.343613101849506,153.5375,19830.12,-89.476809915016,8.691543706562,2008,Salario mediano bruto anual,28191,76127,Clase,08.1.3 Equipos de procesamiento de información,Proxy de software/equipo informatico.,12
Equipos informáticos,2018,2018-01-01,0.35679649934097674,-64.32035006590233,147.29941666666667,20078.44,-89.90435717013374,10.052618885795074,2008,Salario mediano bruto anual,28191,76127,Clase,08.1.3 Equipos de procesamiento de información,Proxy de software/equipo informatico.,12
Equipos informáticos,2019,2019-01-01,0.33348800471737305,-66.6511995282627,139.54583333333332,20351.02,-90.4357741285734,11.54666637433952,2008,Salario mediano bruto anual,28191,76127,Clase,08.1.3 Equipos de procesamiento de información,Proxy de software/equipo informatico.,12
Equipos informáticos,2020,2020-01-01,0.31260366932380484,-68.73963306761952,134.46483333333333,20920.12,-90.78401692803153,14.665979697879884,2008,Salario mediano bruto anual,28191,76127,Clase,08.1.3 Equipos de procesamiento de información,Proxy de software/equipo informatico.,12
Equipos informáticos,2021,2021-01-01,0.292117825208546,-70.7882174791454,129.96891666666667,21638.69,-91.09215914533728,18.604558110981984,2008,Salario mediano bruto anual,28191,76127,Clase,08.1.3 Equipos de procesamiento de información,Proxy de software/equipo informatico.,12
Equipos informáticos,2022,2022-01-01,0.2705118148462862,-72.94881851537139,124.49650000000001,22383.11,-91.46722895439089,22.68482383635526,2008,Salario mediano bruto anual,28191,76127,Clase,08.1.3 Equipos de procesamiento de información,Proxy de software/equipo informatico.,12
Equipos informáticos,2023,2023-01-01,0.2418726197551402,-75.81273802448598,116.11958333333332,23349.0,-92.04136808267813,27.978996294753443,2008,Salario mediano bruto anual,28191,76127,Clase,08.1.3 Equipos de procesamiento de información,Proxy de software/equipo informatico.,12
Equipos informáticos,2024,2024-01-01,0.21444206094894083,-78.55579390510592,108.01308333333333,24497.17,-92.59697332845798,34.27226984718597,2008,Salario mediano bruto anual,28191,76127,Clase,08.1.3 Equipos de procesamiento de información,Proxy de software/equipo informatico.,12
